{"stats":{"minecraft:custom":{"minecraft:interact_with_furnace":5,"minecraft:mob_kills":45,"minecraft:interact_with_crafting_table":19,"minecraft:bell_ring":4,"minecraft:interact_with_stonecutter":3,"minecraft:leave_game":2,"minecraft:time_since_death":73881,"minecraft:sleep_in_bed":3,"minecraft:climb_one_cm":2206,"minecraft:time_since_rest":18872,"minecraft:sprint_one_cm":294618,"minecraft:damage_taken":710,"minecraft:walk_one_cm":157629,"minecraft:drop":10,"minecraft:damage_dealt":4745,"minecraft:swim_one_cm":13390,"minecraft:talked_to_villager":21,"minecraft:fly_one_cm":327808,"minecraft:player_kills":1,"minecraft:open_chest":30,"minecraft:crouch_one_cm":23024,"minecraft:play_time":73881,"minecraft:sneak_time":8706,"minecraft:walk_under_water_one_cm":4061,"minecraft:jump":1570,"minecraft:walk_on_water_one_cm":4795,"minecraft:total_world_time":73881,"minecraft:fall_one_cm":43149},"minecraft:crafted":{"minecraft:red_dye":2,"minecraft:oak_planks":56,"minecraft:purple_bed":1,"minecraft:crafting_table":1,"minecraft:wooden_pickaxe":1,"minecraft:furnace":2,"minecraft:campfire":6,"minecraft:stone_axe":5,"minecraft:air":0,"minecraft:bread":60,"minecraft:blue_dye":1,"minecraft:oak_fence_gate":1,"minecraft:charcoal":6,"minecraft:purple_dye":2,"minecraft:ladder":6,"minecraft:stick":52,"minecraft:stone_pickaxe":4,"minecraft:white_bed":1,"minecraft:torch":92,"minecraft:oak_fence":3,"minecraft:wheat":180},"minecraft:killed":{"minecraft:pig":10,"minecraft:zombie_villager":1,"minecraft:spider":2,"minecraft:creeper":1,"minecraft:sheep":7,"minecraft:skeleton":1,"minecraft:zombie":2,"minecraft:chicken":3,"alexsmobs:fly":1,"minecraft:drowned":1,"alexsmobs:crow":6,"alexsmobs:flying_fish":1,"minecraft:cow":9},"minecraft:mined":{"minecraft:oak_door":1,"minecraft:cherry_log":68,"minecraft:cobblestone_stairs":6,"minecraft:crafting_table":5,"minecraft:cornflower":1,"minecraft:torch":5,"minecraft:blast_furnace":2,"minecraft:grass_block":4,"minecraft:poppy":2,"minecraft:chest":4,"minecraft:lectern":8,"minecraft:tall_grass":14,"minecraft:cobblestone":10,"minecraft:oak_planks":22,"minecraft:wall_torch":4,"minecraft:smooth_stone":16,"minecraft:pink_petals":1,"minecraft:hay_block":20,"minecraft:grass":38,"minecraft:oak_log":100,"minecraft:coal_ore":69,"minecraft:oak_stairs":9,"minecraft:gravel":4,"minecraft:dirt":7,"minecraft:stonecutter":1,"minecraft:stone":92,"minecraft:oak_leaves":9},"minecraft:dropped":{"minecraft:bread":2,"minecraft:stone_axe":1,"minecraft:wheat_seeds":3,"minecraft:cobblestone":1,"minecraft:rotten_flesh":3},"minecraft:picked_up":{"minecraft:crafting_table":5,"minecraft:pink_petals":3,"minecraft:feather":8,"minecraft:cooked_beef":3,"minecraft:chicken":3,"minecraft:leather":10,"minecraft:oak_stairs":9,"minecraft:oak_log":99,"minecraft:cobblestone_stairs":6,"minecraft:dirt":11,"minecraft:cornflower":1,"minecraft:string":2,"minecraft:bone":1,"minecraft:apple":6,"minecraft:stonecutter":1,"minecraft:wheat_seeds":11,"minecraft:smooth_stone":16,"minecraft:beef":14,"minecraft:poppy":2,"minecraft:lectern":8,"minecraft:chest":4,"minecraft:oak_planks":22,"minecraft:stick":53,"minecraft:oak_door":1,"minecraft:torch":11,"minecraft:gravel":28,"minecraft:porkchop":21,"minecraft:cherry_log":60,"minecraft:blast_furnace":2,"minecraft:arrow":1,"minecraft:rotten_flesh":5,"minecraft:stone_axe":1,"minecraft:hay_block":20,"minecraft:cherry_sapling":24,"minecraft:bread":1,"minecraft:oak_sapling":74,"minecraft:mutton":10,"minecraft:coal":69,"alexsmobs:flying_fish":1,"minecraft:white_wool":7,"minecraft:cobblestone":101},"minecraft:used":{"minecraft:oak_fence":3,"minecraft:cherry_sapling":4,"minecraft:stone_pickaxe":196,"minecraft:ladder":6,"minecraft:oak_planks":35,"minecraft:chest":2,"minecraft:wooden_pickaxe":6,"minecraft:cobblestone_slab":5,"minecraft:stonecutter":1,"minecraft:rotten_flesh":2,"minecraft:torch":53,"minecraft:dirt":10,"minecraft:crafting_table":6,"minecraft:blast_furnace":2,"minecraft:campfire":6,"minecraft:oak_fence_gate":1,"minecraft:oak_log":7,"alexsmobs:flying_fish":1,"minecraft:apple":3,"minecraft:bread":19,"minecraft:lectern":8,"minecraft:stone_axe":307,"minecraft:pink_petals":3,"minecraft:cobblestone":30,"minecraft:purple_bed":1,"minecraft:furnace":2,"minecraft:cooked_beef":1}},"DataVersion":3465}