{"stats":{"minecraft:custom":{"minecraft:mob_kills":68,"minecraft:interact_with_crafting_table":64,"minecraft:leave_game":4,"minecraft:time_since_death":321580,"minecraft:sprint_one_cm":830969,"minecraft:walk_one_cm":856944,"minecraft:damage_blocked_by_shield":1510,"minecraft:drop":35,"minecraft:talked_to_villager":4,"minecraft:play_time":333452,"minecraft:deaths":2,"minecraft:sneak_time":39253,"minecraft:walk_under_water_one_cm":38140,"minecraft:boat_one_cm":80953,"minecraft:jump":3088,"minecraft:interact_with_blast_furnace":15,"minecraft:walk_on_water_one_cm":160427,"minecraft:total_world_time":366640,"minecraft:interact_with_furnace":47,"minecraft:sleep_in_bed":18,"minecraft:time_since_rest":2691,"minecraft:damage_taken":2908,"minecraft:damage_dealt":10841,"minecraft:swim_one_cm":53839,"minecraft:fly_one_cm":444626,"minecraft:open_chest":47,"minecraft:crouch_one_cm":125901,"minecraft:fall_one_cm":72210},"minecraft:crafted":{"minecraft:cherry_planks":236,"minecraft:oak_door":3,"minecraft:oak_planks":772,"minecraft:stone_shovel":17,"minecraft:iron_nugget":18,"minecraft:leather_boots":1,"minecraft:cherry_slab":6,"minecraft:furnace":2,"minecraft:bone_meal":21,"minecraft:cooked_mutton":11,"minecraft:glass_pane":192,"minecraft:glass":83,"minecraft:cherry_trapdoor":48,"minecraft:lantern":2,"minecraft:iron_axe":1,"minecraft:cherry_stairs":32,"minecraft:stone_pickaxe":3,"minecraft:chest":3,"alexsmobs:flying_fish_boots":1,"minecraft:cherry_fence":6,"minecraft:cooked_beef":9,"minecraft:wooden_shovel":2,"minecraft:cooked_porkchop":12,"minecraft:crafting_table":1,"minecraft:wooden_pickaxe":1,"minecraft:iron_helmet":1,"minecraft:stone_axe":12,"minecraft:air":0,"minecraft:oak_boat":1,"minecraft:iron_chestplate":1,"minecraft:charcoal":2,"minecraft:shield":1,"minecraft:stick":8,"minecraft:iron_ingot":51,"minecraft:iron_pickaxe":1,"minecraft:oak_stairs":44,"minecraft:wooden_axe":4,"minecraft:gold_ingot":3,"minecraft:cherry_door":3,"minecraft:iron_leggings":1,"minecraft:white_bed":1,"minecraft:torch":44},"minecraft:killed":{"minecraft:spider":8,"minecraft:skeleton":12,"minecraft:chicken":2,"alexsmobs:flying_fish":1,"minecraft:pig":7,"minecraft:zombie_villager":1,"minecraft:creeper":7,"minecraft:sheep":8,"alexsmobs:catfish":1,"minecraft:trader_llama":1,"minecraft:zombie":13,"alexsmobs:fly":1,"minecraft:cow":3},"minecraft:killed_by":{"minecraft:player":1,"alexsmobs:bison":1},"minecraft:mined":{"minecraft:white_bed":6,"minecraft:cherry_log":765,"minecraft:cherry_sapling":2,"minecraft:stripped_cherry_log":4,"minecraft:cherry_trapdoor":2,"minecraft:granite":4,"minecraft:grass_block":58,"gobber2:gobber2_lucky_block":22,"minecraft:furnace":4,"minecraft:iron_ore":50,"minecraft:andesite":4,"minecraft:deepslate_lapis_ore":3,"minecraft:deepslate_iron_ore":2,"minecraft:dirt_path":5,"minecraft:oak_stairs":37,"minecraft:stone":471,"minecraft:cherry_stairs":9,"minecraft:oak_slab":1,"minecraft:glass_pane":2,"minecraft:torch":6,"minecraft:crafting_table":9,"minecraft:blast_furnace":2,"minecraft:calcite":1,"minecraft:tall_grass":6,"minecraft:cobblestone":10,"minecraft:lapis_ore":3,"minecraft:deepslate_gold_ore":3,"minecraft:oak_planks":178,"minecraft:wall_torch":11,"minecraft:cherry_slab":6,"minecraft:birch_planks":1,"minecraft:cherry_door":1,"minecraft:grass":54,"minecraft:oak_log":258,"minecraft:coal_ore":51,"minecraft:gravel":1,"minecraft:cherry_leaves":2,"minecraft:sand":102,"minecraft:dirt":269,"minecraft:smooth_basalt":1,"minecraft:oak_leaves":8,"minecraft:deepslate":11},"minecraft:dropped":{"minecraft:oak_slab":1,"minecraft:wheat_seeds":14,"minecraft:cooked_beef":3,"minecraft:dirt":57,"minecraft:cherry_trapdoor":1,"alexsmobs:flying_fish":2,"minecraft:cherry_planks":2,"minecraft:oak_stairs":2,"alexsmobs:maggot":1,"alexsmobs:animal_dictionary":1,"minecraft:rotten_flesh":5,"minecraft:wooden_pickaxe":1},"minecraft:broken":{"minecraft:wooden_shovel":2,"minecraft:stone_pickaxe":2,"minecraft:iron_axe":1,"minecraft:stone_axe":11,"minecraft:iron_pickaxe":1,"minecraft:wooden_axe":3,"minecraft:stone_shovel":2},"minecraft:picked_up":{"minecraft:charcoal":7,"minecraft:crafting_table":12,"minecraft:chicken":3,"minecraft:lead":1,"minecraft:wooden_pickaxe":2,"minecraft:oak_stairs":49,"minecraft:stripped_cherry_log":6,"minecraft:string":10,"minecraft:cobbled_deepslate":4,"minecraft:beef":27,"minecraft:oak_boat":2,"minecraft:cherry_trapdoor":2,"minecraft:furnace":4,"minecraft:stick":224,"minecraft:raw_iron":51,"minecraft:cherry_stairs":9,"minecraft:torch":25,"minecraft:porkchop":18,"minecraft:cherry_log":710,"gobber2:gobber2_foo":8,"minecraft:stone_shovel":6,"minecraft:rotten_flesh":25,"minecraft:arrow":15,"minecraft:gold_ingot":3,"minecraft:mutton":32,"alexsmobs:flying_fish":5,"minecraft:white_wool":20,"minecraft:cobblestone":590,"minecraft:stripped_oak_log":2,"minecraft:feather":4,"minecraft:cherry_planks":2,"minecraft:andesite":4,"gobber2:gobber2_gooey_beefstew":2,"minecraft:leather":12,"minecraft:filled_map":1,"minecraft:birch_planks":1,"minecraft:oak_log":352,"minecraft:gunpowder":15,"minecraft:cherry_door":1,"minecraft:lapis_lazuli":44,"minecraft:dirt":395,"minecraft:paper":9,"minecraft:leather_boots":1,"minecraft:coast_armor_trim_smithing_template":2,"minecraft:bone":14,"minecraft:apple":15,"minecraft:bow":2,"gobber2:gobber2_gooey_beef":14,"minecraft:wheat_seeds":15,"minecraft:raw_gold":3,"minecraft:iron_ingot":30,"minecraft:stone_pickaxe":2,"minecraft:oak_planks":209,"gobber2:gobber2_gooey_bread":3,"minecraft:book":5,"minecraft:oak_slab":1,"minecraft:gravel":1,"minecraft:sand":102,"minecraft:blast_furnace":2,"minecraft:white_bed":6,"minecraft:spider_eye":3,"alexsmobs:animal_dictionary":3,"alexsmobs:raw_catfish":3,"minecraft:diamond":1,"minecraft:stone_axe":2,"minecraft:granite":4,"minecraft:cherry_sapling":308,"minecraft:gray_wool":3,"minecraft:emerald":5,"alexsmobs:maggot":3,"minecraft:oak_sapling":135,"minecraft:cherry_slab":6,"minecraft:coal":71,"gobber2:gobber2_goo":9},"minecraft:used":{"minecraft:cherry_sapling":48,"minecraft:stone_shovel":324,"minecraft:chest":3,"gobber2:gobber2_gooey_bread":3,"minecraft:shield":26,"minecraft:wooden_shovel":136,"minecraft:oak_door":3,"minecraft:torch":62,"minecraft:dirt":207,"minecraft:granite":4,"minecraft:wooden_axe":164,"minecraft:lantern":2,"minecraft:iron_axe":203,"minecraft:oak_stairs":74,"minecraft:cherry_slab":12,"minecraft:cherry_trapdoor":49,"gobber2:gobber2_gooey_beef":6,"minecraft:bow":7,"minecraft:oak_sapling":59,"minecraft:furnace":6,"minecraft:cooked_beef":6,"minecraft:cobbled_deepslate":4,"minecraft:cherry_fence":6,"minecraft:cherry_log":651,"alexsmobs:raw_catfish":3,"minecraft:cooked_mutton":11,"minecraft:birch_planks":1,"minecraft:stone_pickaxe":387,"minecraft:oak_planks":800,"alexsmobs:flying_fish_boots":1,"minecraft:wooden_pickaxe":19,"minecraft:cherry_planks":4,"minecraft:white_wool":4,"minecraft:crafting_table":11,"minecraft:blast_furnace":2,"minecraft:white_bed":7,"minecraft:oak_log":50,"minecraft:apple":5,"gobber2:gobber2_gooey_beefstew":1,"minecraft:cherry_door":4,"minecraft:iron_pickaxe":251,"minecraft:stone_axe":1392,"minecraft:cobblestone":56,"minecraft:cherry_stairs":41,"minecraft:cooked_porkchop":12,"minecraft:andesite":4,"minecraft:glass_pane":166,"minecraft:oak_boat":1,"alexsmobs:animal_dictionary":2,"minecraft:stripped_cherry_log":5,"minecraft:stripped_oak_log":2,"minecraft:gray_wool":1,"minecraft:bone_meal":21}},"DataVersion":3465}